{
    "bottom_box": {
        "absolute": [
            [
                -0.8764523296816569,
                -1.6540288925892335e-06,
                -0.8218042850494385
            ],
            [
                5.125349044799805,
                0.09999835491180414,
                1.1781957149505615
            ]
        ],
        "relative": [
            [
                0.0,
                0.9999969926747653,
                0.17819571495056152
            ],
            [
                1.0,
                1.0,
                1.0
            ]
        ],
        "relative_mode": true
    },
    "top_box": {
        "absolute": [
            [
                -0.49785848134117927,
                0.19999834895133967,
                -0.8218042850494385
            ],
            [
                2.592586494945744,
                1.0999983549118042,
                1.0235539573677026
            ]
        ],
        "relative": [
            [
                0.06308003626214422,
                1.0,
                0.17819571495056152
            ],
            [
                0.5779996051480654,
                1.0,
                1.0
            ]
        ],
        "relative_mode": true
    }
}