{
    "bottom_box": {
        "absolute": [
            [
                -0.3401959757762303,
                -1.0999983549118042,
                -1.1781957087131842
            ],
            [
                4.811411559245835,
                -0.1999983489513398,
                0.2890419140093119
            ]
        ],
        "relative": [
            [
                0.08934923374596974,
                0.0,
                3.1186886406686654e-09
            ],
            [
                0.9476927898865876,
                0.8181818169503172,
                0.7336188144799367
            ]
        ]
    },
    "top_box": {
        "absolute": [
            [
                4.899549015212612,
                1.6540288925674108e-06,
                0.8218042850494385
            ],
            [
                4.899549015212612,
                1.6540288925674108e-06,
                0.8218042850494385
            ]
        ],
        "relative": [
            [
                0.9623779569668446,
                1.0,
                1.0
            ],
            [
                0.9623779569668446,
                1.0,
                1.0
            ]
        ]
    },
    "right_box": {
        "absolute": [
            [
                5.125349044799805,
                1.654028892547097e-06,
                0.49005396392888667
            ],
            [
                5.125349044799805,
                1.654028892547097e-06,
                0.49005396392888667
            ]
        ],
        "relative": [
            [
                1.0,
                1.0,
                0.834124839439724
            ],
            [
                1.0,
                1.0,
                0.834124839439724
            ]
        ]
    },
    "left_box": {
        "absolute": [
            [
                -0.8764523296816569,
                1.6540288925542547e-06,
                0.6069475717402573
            ],
            [
                -0.8764523296816569,
                1.6540288925542547e-06,
                0.6069475717402573
            ]
        ],
        "relative": [
            [
                0.0,
                1.0,
                0.8925716433454094
            ],
            [
                0.0,
                1.0,
                0.8925716433454094
            ]
        ]
    }
}