{
    "bottom_box": {
        "absolute": [
            [
                2.1253488063812256,
                -1.0999983549118042,
                -0.17819577455520624
            ],
            [
                2.1253488063812256,
                -1.0999983549118042,
                -0.17819577455520624
            ]
        ],
        "relative": true
    },
    "top_box": {
        "absolute": [
            [
                -0.8764523296816569,
                -0.1976755080442853,
                -1.1781957149505615
            ],
            [
                5.125349044799805,
                1.6540288925674108e-06,
                0.8218042850494385
            ]
        ],
        "relative": true
    },
    "right_box": {
        "absolute": [
            [
                5.125349044799805,
                1.654028892547097e-06,
                0.49005396392888667
            ],
            [
                5.125349044799805,
                1.654028892547097e-06,
                0.49005396392888667
            ]
        ],
        "relative": true
    },
    "left_box": {
        "absolute": [
            [
                -0.8764523296816569,
                1.6540288925542547e-06,
                0.6069475717402573
            ],
            [
                -0.8764523296816569,
                1.6540288925542547e-06,
                0.6069475717402573
            ]
        ],
        "relative": true
    }
}